{"cameraMode":{"drawMode":0,"name":"Shaded","section":"Shading Mode"},"sceneLighting":false,"audioPlay":false,"sceneViewState":{"m_AlwaysRefresh":false,"showFog":true,"showSkybox":true,"showFlares":true,"showImageEffects":true,"showParticleSystems":true,"showVisualEffectGraphs":true,"m_FxEnabled":true},"in2DMode":false,"pivot":{"x":-0.18536584079265595,"y":-1.5495799779891968,"z":14.655702590942383},"rotation":{"x":0.09465783834457398,"y":0.0005979174748063088,"z":0.00014813915186095983,"w":0.9954041242599487},"size":8.92676067352295,"orthographic":false}