{"cameraMode":{"drawMode":0,"name":"Shaded","section":"Shading Mode"},"sceneLighting":false,"audioPlay":false,"sceneViewState":{"m_AlwaysRefresh":false,"showFog":true,"showSkybox":true,"showFlares":true,"showImageEffects":true,"showParticleSystems":true,"showVisualEffectGraphs":true,"m_FxEnabled":true},"in2DMode":false,"pivot":{"x":9.49630355834961,"y":2.5145938396453859,"z":25.842449188232423},"rotation":{"x":-0.03150399029254913,"y":-0.014682783745229245,"z":-0.00004141367389820516,"w":-0.9991963505744934},"size":3.2031235694885256,"orthographic":false}