{"cameraMode":{"drawMode":0,"name":"Shaded","section":"Shading Mode"},"sceneLighting":false,"audioPlay":false,"sceneViewState":{"m_AlwaysRefresh":false,"showFog":true,"showSkybox":true,"showFlares":true,"showImageEffects":true,"showParticleSystems":true,"showVisualEffectGraphs":true,"m_FxEnabled":true},"in2DMode":false,"pivot":{"x":5.5509467124938969,"y":1.9340314865112305,"z":2.7647533416748049},"rotation":{"x":-0.016837123781442643,"y":-0.9727919697761536,"z":0.21743066608905793,"w":-0.07453422993421555},"size":6.818064212799072,"orthographic":false}