{"cameraMode":{"drawMode":0,"name":"Shaded","section":"Shading Mode"},"sceneLighting":false,"audioPlay":false,"sceneViewState":{"m_AlwaysRefresh":false,"showFog":true,"showSkybox":true,"showFlares":true,"showImageEffects":true,"showParticleSystems":true,"showVisualEffectGraphs":true,"m_FxEnabled":true},"in2DMode":false,"pivot":{"x":2.1290283203125,"y":0.9772588014602661,"z":14.639594078063965},"rotation":{"x":0.12565332651138307,"y":0.010124065913259983,"z":-0.001044826116412878,"w":0.9918662309646606},"size":2.2808098793029787,"orthographic":false}