{"cameraMode":{"drawMode":0,"name":"Shaded","section":"Shading Mode"},"sceneLighting":false,"audioPlay":false,"sceneViewState":{"m_AlwaysRefresh":false,"showFog":true,"showSkybox":true,"showFlares":true,"showImageEffects":true,"showParticleSystems":true,"showVisualEffectGraphs":true,"m_FxEnabled":true},"in2DMode":false,"pivot":{"x":3.876868486404419,"y":1.5766526460647584,"z":17.22705078125},"rotation":{"x":0.032373957335948947,"y":0.047342974692583087,"z":-0.0013223789865151048,"w":0.9982338547706604},"size":8.92676067352295,"orthographic":false}